{
  "train": {
    "accuracy": 0.98875,
    "precision": 0.9887359198998749,
    "recall": 1.0,
    "f1": 0.9943360604153556
  },
  "test": {
    "accuracy": 0.9875,
    "precision": 0.9875,
    "recall": 1.0,
    "f1": 0.9937106918238994,
    "roc_auc": 0.9773277074542898
  },
  "cv_roc_auc_mean": 0.9405942334739802,
  "cv_roc_auc_std": 0.019340030017663053,
  "trained_at": "2025-10-27T20:04:02.613601"
}